{"acc": [0.32986145229438929, 0.4456126559889948, 0.51115259899774002, 0.5748255871081851, 0.61393337918836588, 0.66434116144246835, 0.69725852412302247, 0.71337329271887595, 0.74236022403458779, 0.76486194359830995, 0.77734106318168417, 0.79473322197111129, 0.80308538862140122, 0.81133929448757003, 0.8168418983983492, 0.83226884150535518, 0.83963840031443449, 0.84170187678097674, 0.8520192591136877, 0.85467230028495622, 0.81202711997641741, 0.8462218728505454, 0.859388817922767, 0.87088532966493071, 0.87206445907438346, 0.88198879827061016, 0.88336444924830504, 0.88415053552127343, 0.88965313943205271, 0.89102879040974747, 0.90144443352657955, 0.89820182765058465, 0.89623661196816351, 0.89977400019652154, 0.90625921194851133, 0.90390095312960594, 0.912449641348138, 0.86823228849366219, 0.90390095312960594, 0.91009138252923261, 0.91313746683698538, 0.91077920801807999, 0.91677311584946453, 0.89554878647931613, 0.91696963741770654, 0.91529920408764864, 0.9223739805443647, 0.92571484720448072, 0.92610789034096497, 0.92925223543283875], "loss": [1.8580226731157448, 1.5444671346312646, 1.3888429021324615, 1.2509751159057549, 1.148867218131528, 1.0175336861617441, 0.93224703484297478, 0.86306892508044042, 0.77701146485260364, 0.73217302860674394, 0.67151394660667085, 0.62986195245566434, 0.61179891862088664, 0.57554170848040165, 0.54987536476615884, 0.5142148725290927, 0.49413272844171952, 0.48263266703416452, 0.46195505730609382, 0.43805951937788584, 0.5707281595177438, 0.46600939301665739, 0.43169534220739536, 0.38980866446058843, 0.39604784954012384, 0.36868141683061406, 0.35481779240573263, 0.34071273886643211, 0.33597695748417344, 0.32654018185163769, 0.3014387275763365, 0.31180959674643666, 0.31711426909972329, 0.30068613314858189, 0.28134615718586292, 0.2955626199750192, 0.270575634491658, 0.40457329715388785, 0.29194677526172819, 0.27860425244125481, 0.26244366464158508, 0.26279144768772533, 0.25569177336878823, 0.32416699343092187, 0.25454804104766293, 0.26069783591633755, 0.23322009070397268, 0.22033487275715741, 0.21928059811136208, 0.21947063948277162], "val_acc": [0.11535433070866141, 0.090944881901496979, 0.18228346459039552, 0.23149606299212599, 0.34960629925953124, 0.21181102364551363, 0.43031496067685404, 0.50590551181102361, 0.25039370078740159, 0.45118110236220471, 0.40708661418496156, 0.34448818902331074, 0.51181102380977839, 0.20511811023622048, 0.45551181111748762, 0.46259842529071599, 0.45314960634614537, 0.37086614177921623, 0.45748031496062991, 0.26023622051937373, 0.35866141732283463, 0.45826771662929866, 0.59724409448818894, 0.35866141734630103, 0.61220472450331442, 0.44881889768472805, 0.37992126003025084, 0.47559055136883355, 0.50866141732283465, 0.40472440963655004, 0.57952755914898368, 0.39330708666110603, 0.49842519685039371, 0.55039370078740157, 0.42716535451843984, 0.47834645669291337, 0.34999999999999998, 0.44685039374772018, 0.45669291357355796, 0.56732283473953482, 0.61811023631433804, 0.59921259851906239, 0.33700787401574805, 0.5496062992125984, 0.53346456692913391, 0.47755905511811025, 0.52283464585702255, 0.37204724414142099, 0.56850393719560521, 0.60314960629921255], "val_loss": [2.5851523166566381, 2.5386783032905398, 2.2974192364009345, 2.3443097219692439, 1.8627042650237797, 2.3103942255335528, 1.7929047592042937, 1.6454706867848794, 2.5848245089448345, 1.5959052975722186, 1.8290940772830031, 2.2347977341629388, 1.4172957369661707, 2.9888823584308772, 1.7118126467456969, 1.534287314715348, 1.6750043155640129, 1.9510477708080622, 1.7512293179204146, 2.7664664144591082, 1.8021877848257231, 1.7256403269730216, 1.2759675142333264, 2.9861300686212977, 1.174230623996164, 2.2215200067505125, 2.038324272351002, 1.6816305096693864, 1.6358252273769829, 1.8396273650522308, 1.3487554013259768, 2.1869051813140628, 1.9750419023468739, 1.4991909126597127, 2.0926625187941426, 1.9666608911799635, 3.613460444653128, 2.5043723564448319, 1.9916962150513657, 1.4298094516664039, 1.1745842214644424, 1.3296166782304057, 3.5433933554671881, 1.5494322737370889, 1.634204334161413, 1.7067000753297581, 1.6341145545478881, 3.3070628860804039, 1.4221740345316609, 1.2941075805603988]}