{"acc": [0.34951360911860074, 0.48835609708165473, 0.57600471651763785, 0.64714552422128324, 0.69814287118011198, 0.73184632013363471, 0.76948020045199961, 0.7922767023680849, 0.806229733713275, 0.8119288591922964, 0.82932101798172353, 0.8388523140414661, 0.85142969440896143, 0.84435491795224527, 0.86371229242409353, 0.87167141593789921, 0.87746880220104151, 0.87727228063279949, 0.88788444531787358, 0.89554878647931613, 0.90242704136779006, 0.8985948707870689, 0.89181487668271597, 0.90724181978972196, 0.90547312567554294, 0.92050702564606468, 0.91834528839540142, 0.90439225705021131, 0.92001572172545942, 0.92630441190920698, 0.92551832563623859, 0.93613049032131279, 0.93465657855949691, 0.93632701188955492, 0.93524614326422328, 0.93092266876289675, 0.93632701188955492, 0.94251744128918147, 0.93956961776554981, 0.93848874914021818, 0.94792178441583963, 0.94939569617765551, 0.95263830205365041, 0.94841308833644489, 0.94870787068880813, 0.94792178441583963, 0.95568438636140318, 0.94949395696177652, 0.95509482165667681, 0.95538960400903994], "loss": [1.8406139637382113, 1.4335766805463448, 1.2299147290261376, 1.0438435903475913, 0.92542176832557255, 0.80816989467668077, 0.72015059557717287, 0.64422253975760924, 0.59056873333012527, 0.57721770368461534, 0.5153906396907264, 0.47276644400064072, 0.44761879638333774, 0.47679422248601094, 0.4085697013783387, 0.38788468657260772, 0.36117440592719047, 0.37253101390717924, 0.3395777408132809, 0.31736707529171143, 0.29062129675293641, 0.29594211195568748, 0.31752636959876762, 0.28042763390193887, 0.28688096321611889, 0.24624987203549856, 0.23959817854257279, 0.28392761070718697, 0.23953633980126937, 0.21339594069244211, 0.21690491446543445, 0.19108109772673898, 0.20221262147059502, 0.18939295962893613, 0.1844027191356602, 0.20475791025878615, 0.18671798377488255, 0.16556726250981632, 0.17766100599874246, 0.19329937343409057, 0.15517335904362606, 0.16177619599304463, 0.14657207159439872, 0.14981518950691458, 0.15484427144646445, 0.14930678451472396, 0.13494076669198585, 0.15300630791032432, 0.13473524564672715, 0.12493816928543978], "val_acc": [0.11535433072039461, 0.37834645673984618, 0.55472440963655001, 0.50629921269229083, 0.50826771672316429, 0.73070866141732282, 0.54881889763779523, 0.73228346456692917, 0.61141732288157846, 0.69330708670803876, 0.63582677184127445, 0.82519685039370083, 0.42834645669291338, 0.8527559056056766, 0.8354330709600073, 0.85354330708661419, 0.62322834645669289, 0.86889763788914121, 0.73543307096000732, 0.73425196859780262, 0.75118110245607028, 0.6259842521562351, 0.84645669291338588, 0.67047244103874748, 0.92086614173228343, 0.92401574821922727, 0.55669291357355799, 0.93188976387339317, 0.93425196859780257, 0.94488188976377951, 0.91811023622047239, 0.94881889763779526, 0.93582677174740891, 0.91456692932158945, 0.63858267725921991, 0.93425196850393699, 0.9102362204724409, 0.83031496062992127, 0.79606299231371547, 0.92440944891276322, 0.90236220472440942, 0.90472440954268452, 0.77677165363717271, 0.88779527568441674, 0.80157480333733744, 0.97125984261355058, 0.6511811024560703, 0.92874015757418049, 0.92637795284977109, 0.93897637814048707], "val_loss": [2.5873108540932965, 1.8447959862356111, 1.6626657707484689, 1.5908092694019709, 1.390194032135911, 0.87912565779498242, 1.8612831729603565, 0.80972617226322807, 1.2590260306681236, 0.98162967464116613, 1.4181765526298462, 0.55305823359902451, 4.4823571475472042, 0.47102473711404275, 0.53645478702905613, 0.43425546161771761, 1.3384338544109675, 0.37954501962567877, 0.86808893126765574, 1.1321362395924846, 0.82737124318212973, 1.7408534006809626, 0.47817112880898271, 1.3988194238482499, 0.21971902501600699, 0.24180500817697817, 1.7891384443898839, 0.20592028235825965, 0.204822343447077, 0.1736002234199385, 0.24218617362652237, 0.16192723771366546, 0.18782606242209907, 0.27553318609872202, 1.378558518379692, 0.21027217417016741, 0.31036998490531614, 0.5933378467409629, 0.98289382246535595, 0.25143789397919269, 0.33784519718211936, 0.2938769547488746, 0.816617825275331, 0.3548155473442528, 0.67761521076592879, 0.096579602753787533, 1.5633349878581491, 0.20031476269556781, 0.22608514879866848, 0.20034001548224548]}